account,group,followers,posts,median_likes,median_comments,median_er_pct,reels_in_latest12,best_reel_views,best_reel_x_followers
@cheonan.eats,지역 큐레이션(대형),191558,4117,270.0,0.0,0.14,4,17705,0.1
@tasty.cheonan,지역 큐레이션(대형),187462,3078,606.0,15.5,0.33,1,5300,0.0
@cheonan_plus,지역 큐레이션(대형),82863,2579,242.0,6.5,0.3,4,85461,1.0
@youngboss.kr,사장님 대상,71019,475,2775.5,3290.5,8.54,0,,
@imweb.me,사장님 대상,23116,537,141.0,88.0,0.99,0,,
@hsculture3355,충남 기관,7271,1428,14.0,0.0,0.19,1,1045,0.1
@mashmellowonge,충남 소형 큐레이션,3170,137,96.5,34.0,4.09,1,127,0.0
@sungliter__,충남 소형 큐레이션,437,29,47.5,8.5,12.93,0,,
@gear_zine,충남 로컬 매거진,11,22,2.5,0.0,22.73,4,103,9.4
@cream_haus_,지역 가게,1695,1046,33.0,0.0,1.95,4,709651,418.7
@hongseonggogi,지역 가게,1382,518,16.5,3.0,1.34,12,88677,64.2
@yesanappleunited,파트너,232,48,41.0,0.0,18.1,4,2015,8.7
@fluffy._.d,파트너,81,4,,,,0,,
@greenybox7017,파트너,15,14,2,1,20.0,9,27,1.8
